{"initial_reset_timestamp": 1609598603.8099756, "timestamps": [1609598655.298893], "episode_lengths": [501], "episode_rewards": [-97.16814692820428], "episode_types": ["t"]}