{"initial_reset_timestamp": 1609008217.455331, "timestamps": [1609008338.6547558], "episode_lengths": [61], "episode_rewards": [-72.44074275209165], "episode_types": ["t"]}