{"initial_reset_timestamp": 1609547970.5696926, "timestamps": [1609547987.7761066], "episode_lengths": [165], "episode_rewards": [-106.63605832257429], "episode_types": ["t"]}