{"initial_reset_timestamp": 1609607774.784674, "timestamps": [1609607776.6657143], "episode_lengths": [55], "episode_rewards": [951.87090009005], "episode_types": ["t"]}