{"initial_reset_timestamp": 1608916844.465465, "timestamps": [1608916859.416436], "episode_lengths": [442], "episode_rewards": [99944.90144329255], "episode_types": ["t"]}