{"initial_reset_timestamp": 1609607652.2050369, "timestamps": [1609607654.3876004], "episode_lengths": [85], "episode_rewards": [-109.83525443911066], "episode_types": ["t"]}