{"initial_reset_timestamp": 1609547089.686369, "timestamps": [1609547096.8145409], "episode_lengths": [67], "episode_rewards": [-104.70206914932758], "episode_types": ["t"]}