,Episode Lengths,Episode Rewards
0,123.0,-100.45442926543983
1,1.0,1000.0
2,302.0,-105.30887001194068
3,273.0,1006.0578384499156
4,300.0,4.586979567693978
