{"initial_reset_timestamp": 1609608033.4939146, "timestamps": [1609608037.6690445], "episode_lengths": [198], "episode_rewards": [-319.86845823058206], "episode_types": ["t"]}