{"initial_reset_timestamp": 1608834416.2421753, "timestamps": [1608834420.7438583], "episode_lengths": [128], "episode_rewards": [128.0], "episode_types": ["t"]}