{"initial_reset_timestamp": 1608745562.561307, "timestamps": [1608745600.642385], "episode_lengths": [1134], "episode_rewards": [1134.0], "episode_types": ["t"]}