{"initial_reset_timestamp": 1609435333.6027079, "timestamps": [1609435333.603602], "episode_lengths": [13], "episode_rewards": [8.0], "episode_types": ["t"]}