{"initial_reset_timestamp": 1609554782.634075, "timestamps": [1609554834.5161026], "episode_lengths": [501], "episode_rewards": [-102.06096394291151], "episode_types": ["t"]}