{"initial_reset_timestamp": 1609272169.5719595, "timestamps": [1609272169.5729501], "episode_lengths": [14], "episode_rewards": [7.0], "episode_types": ["t"]}