{"initial_reset_timestamp": 1609607927.2541943, "timestamps": [1609607927.7361674], "episode_lengths": [1], "episode_rewards": [1000.0], "episode_types": ["t"]}