{"initial_reset_timestamp": 1609187633.1235545, "timestamps": [1609187633.798484], "episode_lengths": [19], "episode_rewards": [743.5439391538482], "episode_types": ["t"]}