{"initial_reset_timestamp": 1609546942.1495082, "timestamps": [1609546944.3838046], "episode_lengths": [18], "episode_rewards": [1000.0111623824085], "episode_types": ["t"]}