{"initial_reset_timestamp": 1609607612.7049818, "timestamps": [1609607623.3267608], "episode_lengths": [501], "episode_rewards": [-100.48], "episode_types": ["t"]}