{"initial_reset_timestamp": 1608737636.1759267, "timestamps": [1608737672.1496773], "episode_lengths": [1071], "episode_rewards": [1071.0], "episode_types": ["t"]}