{"initial_reset_timestamp": 1609607356.5892797, "timestamps": [1609607366.9906034], "episode_lengths": [501], "episode_rewards": [-95.39078599932519], "episode_types": ["t"]}