{"initial_reset_timestamp": 1608685565.1620483, "timestamps": [1608685595.8888156], "episode_lengths": [915], "episode_rewards": [915.0], "episode_types": ["t"]}