{"initial_reset_timestamp": 1609607867.1531296, "timestamps": [1609607877.5796895], "episode_lengths": [501], "episode_rewards": [-600.0], "episode_types": ["t"]}