{"initial_reset_timestamp": 1609005627.7413085, "timestamps": [1609005629.2129347], "episode_lengths": [37], "episode_rewards": [1012.8272167571876], "episode_types": ["t"]}