{"initial_reset_timestamp": 1609607260.9702687, "timestamps": [1609607261.9858732], "episode_lengths": [27], "episode_rewards": [1002.0326873318058], "episode_types": ["t"]}